typ_reguly,old_url_decoded,old_url_encoded,new_url
produkt-ID,https://www.agro-weld.pl/maszyny/pielnik-do-obróbki-redlin/696a59794da81bc256722bba/,https://www.agro-weld.pl/maszyny/pielnik-do-obr%C3%B3bki-redlin/696a59794da81bc256722bba/,https://www.agro-weld.pl/maszyny/pielenie/pielnik-do-obrobki-redlin/
produkt-ID,https://www.agro-weld.pl/maszyny/dwubębnowy-sortownik-do-owoców-drobnych/67d05050a60f9ebfefd3a472/,https://www.agro-weld.pl/maszyny/dwub%C4%99bnowy-sortownik-do-owoc%C3%B3w-drobnych/67d05050a60f9ebfefd3a472/,https://www.agro-weld.pl/maszyny/sortowanie/dwubebnowy-sortownik-do-owocow-drobnych/
produkt-ID,https://www.agro-weld.pl/maszyny/stoły-selekcyjne-rolkowe/67cdf2cf799068ebb64efdec/,https://www.agro-weld.pl/maszyny/sto%C5%82y-selekcyjne-rolkowe/67cdf2cf799068ebb64efdec/,https://www.agro-weld.pl/maszyny/selekcja/stoly-selekcyjne-rolkowe/
produkt-ID,https://www.agro-weld.pl/maszyny/wywrotnica-skrzyniopalet/67cdd634799068ebb64efddc/,https://www.agro-weld.pl/maszyny/wywrotnica-skrzyniopalet/67cdd634799068ebb64efddc/,https://www.agro-weld.pl/maszyny/rozladunek-skrzyn/wywrotnica-skrzyniopalet/
produkt-ID,https://www.agro-weld.pl/maszyny/wagoworkownica/67cdfd50fbceb1c67efb6718/,https://www.agro-weld.pl/maszyny/wagoworkownica/67cdfd50fbceb1c67efb6718/,https://www.agro-weld.pl/maszyny/pakowanie/wagoworkownica/
produkt-ID,https://www.agro-weld.pl/maszyny/kosz-przyjęciowy-kps3000g/67cf2193593631ce8409a95c/,https://www.agro-weld.pl/maszyny/kosz-przyj%C4%99ciowy-kps3000g/67cf2193593631ce8409a95c/,https://www.agro-weld.pl/maszyny/przyjecie-i-buforowanie/kosze-przyjeciowe/#kps3000g
produkt-ID,https://www.agro-weld.pl/maszyny/separator-ziemii-i-kamienii/67cddcf7799068ebb64efde0/,https://www.agro-weld.pl/maszyny/separator-ziemii-i-kamienii/67cddcf7799068ebb64efde0/,https://www.agro-weld.pl/maszyny/oczyszczanie/separator-ziemi-i-kamieni/
produkt-ID,https://www.agro-weld.pl/maszyny/kosz-przyjęciowy-kp1500/67cf195f593631ce8409a956/,https://www.agro-weld.pl/maszyny/kosz-przyj%C4%99ciowy-kp1500/67cf195f593631ce8409a956/,https://www.agro-weld.pl/maszyny/przyjecie-i-buforowanie/kosze-przyjeciowe/#kp1500
produkt-ID,https://www.agro-weld.pl/maszyny/kosz-przyjęciowy-kp5000g/67cf24b6593631ce8409a95e/,https://www.agro-weld.pl/maszyny/kosz-przyj%C4%99ciowy-kp5000g/67cf24b6593631ce8409a95e/,https://www.agro-weld.pl/maszyny/przyjecie-i-buforowanie/kosze-przyjeciowe/#kp5000g
produkt-ID,https://www.agro-weld.pl/maszyny/kalibrownik-rozsuwany/67cde69c799068ebb64efde4/,https://www.agro-weld.pl/maszyny/kalibrownik-rozsuwany/67cde69c799068ebb64efde4/,https://www.agro-weld.pl/maszyny/sortowanie/kalibrownik-rozsuwany/
produkt-ID,https://www.agro-weld.pl/maszyny/przenośnik-taśmowy-poziomy/6671d5e3ad3ebbf4a1bdb8fa/,https://www.agro-weld.pl/maszyny/przeno%C5%9Bnik-ta%C5%9Bmowy-poziomy/6671d5e3ad3ebbf4a1bdb8fa/,https://www.agro-weld.pl/maszyny/przenosniki/przenosniki-tasmowe-poziome/
produkt-ID,https://www.agro-weld.pl/maszyny/sortownik-do-owoców-drobnych/67cde8d0799068ebb64efde6/,https://www.agro-weld.pl/maszyny/sortownik-do-owoc%C3%B3w-drobnych/67cde8d0799068ebb64efde6/,https://www.agro-weld.pl/maszyny/sortowanie/sortownik-do-owocow-drobnych/
produkt-ID,https://www.agro-weld.pl/maszyny/raszlownica/67cdfef9fbceb1c67efb671a/,https://www.agro-weld.pl/maszyny/raszlownica/67cdfef9fbceb1c67efb671a/,https://www.agro-weld.pl/maszyny/pakowanie/raszlownica/
produkt-ID,https://www.agro-weld.pl/maszyny/stoły-selekcyjne-taśmowe/67cded6b799068ebb64efdea/,https://www.agro-weld.pl/maszyny/sto%C5%82y-selekcyjne-ta%C5%9Bmowe/67cded6b799068ebb64efdea/,https://www.agro-weld.pl/maszyny/selekcja/stoly-selekcyjne-tasmowe/
produkt-ID,https://www.agro-weld.pl/maszyny/kosz-przyjęciowy-kp2000/67cf1cd8593631ce8409a958/,https://www.agro-weld.pl/maszyny/kosz-przyj%C4%99ciowy-kp2000/67cf1cd8593631ce8409a958/,https://www.agro-weld.pl/maszyny/przyjecie-i-buforowanie/kosze-przyjeciowe/#kp2000
produkt-ID,https://www.agro-weld.pl/maszyny/kosz-przyjęciowy-kp1000/67cf16f2593631ce8409a954/,https://www.agro-weld.pl/maszyny/kosz-przyj%C4%99ciowy-kp1000/67cf16f2593631ce8409a954/,https://www.agro-weld.pl/maszyny/przyjecie-i-buforowanie/kosze-przyjeciowe/#kp1000
produkt-ID,https://www.agro-weld.pl/maszyny/czyszczarka-do-imbiru-lub-chrzanu/697c788bfd4fc91bf9d751b9/,https://www.agro-weld.pl/maszyny/czyszczarka-do-imbiru-lub-chrzanu/697c788bfd4fc91bf9d751b9/,https://www.agro-weld.pl/maszyny/oczyszczanie/czyszczarka-do-imbiru-i-chrzanu/
produkt-ID,https://www.agro-weld.pl/maszyny/formatory-palet/697b8b67b218f4072882f3fd/,https://www.agro-weld.pl/maszyny/formatory-palet/697b8b67b218f4072882f3fd/,https://www.agro-weld.pl/maszyny/pakowanie/formatory-palet/
produkt-ID,https://www.agro-weld.pl/maszyny/przenośnik-odpadowy/6672c2a4a12ee4f19ab16309/,https://www.agro-weld.pl/maszyny/przeno%C5%9Bnik-odpadowy/6672c2a4a12ee4f19ab16309/,https://www.agro-weld.pl/maszyny/przenosniki/przenosnik-odpadowy/
produkt-ID,https://www.agro-weld.pl/maszyny/przenośnik-taśmowy-poprzeczny/697c8638fd4fc91bf9d751e5/,https://www.agro-weld.pl/maszyny/przeno%C5%9Bnik-ta%C5%9Bmowy-poprzeczny/697c8638fd4fc91bf9d751e5/,https://www.agro-weld.pl/maszyny/pakowanie/przenosnik-poprzeczny-do-raszlownicy/
produkt-ID,https://www.agro-weld.pl/maszyny/przenośnik-taśmowy-wznoszący/6672d8b4a12ee4f19ab1632f/,https://www.agro-weld.pl/maszyny/przeno%C5%9Bnik-ta%C5%9Bmowy-wznosz%C4%85cy/6672d8b4a12ee4f19ab1632f/,https://www.agro-weld.pl/maszyny/przenosniki/przenosniki-tasmowe-wznoszace/
produkt-ID,https://www.agro-weld.pl/maszyny/czyszczarka-szczotkowa/67cde010799068ebb64efde2/,https://www.agro-weld.pl/maszyny/czyszczarka-szczotkowa/67cde010799068ebb64efde2/,https://www.agro-weld.pl/maszyny/oczyszczanie/czyszczarka-szczotkowa/
produkt-ID,https://www.agro-weld.pl/maszyny/przenośnik-do-materiałów-sypkich/6672c526a12ee4f19ab16310/,https://www.agro-weld.pl/maszyny/przeno%C5%9Bnik-do-materia%C5%82%C3%B3w-sypkich/6672c526a12ee4f19ab16310/,https://www.agro-weld.pl/maszyny/przenosniki/przenosnik-do-materialow-sypkich/
produkt-ID,https://www.agro-weld.pl/maszyny/bufor-do-sortowania/67cdeb15799068ebb64efde8/,https://www.agro-weld.pl/maszyny/bufor-do-sortowania/67cdeb15799068ebb64efde8/,https://www.agro-weld.pl/maszyny/pakowanie/bufor-do-pakowania/
produkt-ID,https://www.agro-weld.pl/maszyny/kosz-przyjęciowy-kp3000/67cf1eea593631ce8409a95a/,https://www.agro-weld.pl/maszyny/kosz-przyj%C4%99ciowy-kp3000/67cf1eea593631ce8409a95a/,https://www.agro-weld.pl/maszyny/przyjecie-i-buforowanie/kosze-przyjeciowe/#kp3000
produkt-ID,https://www.agro-weld.pl/maszyny/liczarka/67cf27a9593631ce8409a960/,https://www.agro-weld.pl/maszyny/liczarka/67cf27a9593631ce8409a960/,https://www.agro-weld.pl/maszyny/wazenie-i-liczenie/liczarka/
produkt-ID,https://www.agro-weld.pl/maszyny/napełniacz-kaskadowy/67ce00bcfbceb1c67efb671c/,https://www.agro-weld.pl/maszyny/nape%C5%82niacz-kaskadowy/67ce00bcfbceb1c67efb671c/,https://www.agro-weld.pl/maszyny/pakowanie/napelniacz-kaskadowy/
produkt-ID,https://www.agro-weld.pl/maszyny/paletyzatory/696fb7e82abe02495323d54f/,https://www.agro-weld.pl/maszyny/paletyzatory/696fb7e82abe02495323d54f/,https://www.agro-weld.pl/maszyny/paletyzacja/
produkt-ID,https://www.agro-weld.pl/maszyny/przenośnik-taśmowy-z-przegrodami/666c1dd97db89265d45932c9/,https://www.agro-weld.pl/maszyny/przeno%C5%9Bnik-ta%C5%9Bmowy-z-przegrodami/666c1dd97db89265d45932c9/,https://www.agro-weld.pl/maszyny/przenosniki/przenosniki-tasmowe-poziome/
produkt-ID,https://www.agro-weld.pl/maszyny/przenośniki-rolkowe/67d055ce56741f12cc290d54/,https://www.agro-weld.pl/maszyny/przeno%C5%9Bniki-rolkowe/67d055ce56741f12cc290d54/,https://www.agro-weld.pl/maszyny/przenosniki/przenosniki-rolkowe/
produkt-ID,https://www.agro-weld.pl/maszyny/przenośniki-z-taśmą-modularną/67d05b4e56741f12cc290d56/,https://www.agro-weld.pl/maszyny/przeno%C5%9Bniki-z-ta%C5%9Bm%C4%85-modularn%C4%85/67d05b4e56741f12cc290d56/,https://www.agro-weld.pl/maszyny/przenosniki/przenosniki-tasmowe-poziome/
produkt-ID,https://www.agro-weld.pl/maszyny/raszlownica/6660a10598e0bc71d54ded80/,https://www.agro-weld.pl/maszyny/raszlownica/6660a10598e0bc71d54ded80/,https://www.agro-weld.pl/maszyny/pakowanie/raszlownica/
produkt-ID,https://www.agro-weld.pl/maszyny/stoły-obrotowe/697c804dfd4fc91bf9d751ce/,https://www.agro-weld.pl/maszyny/sto%C5%82y-obrotowe/697c804dfd4fc91bf9d751ce/,https://www.agro-weld.pl/maszyny/pakowanie/stoly-obrotowe/
produkt-ID,https://www.agro-weld.pl/maszyny/waga-kontrolna/67cf2b2e593631ce8409a962/,https://www.agro-weld.pl/maszyny/waga-kontrolna/67cf2b2e593631ce8409a962/,https://www.agro-weld.pl/maszyny/wazenie-i-liczenie/waga-kontrolna/
produkt-ID,https://www.agro-weld.pl/maszyny/wanna-do-płukania/697c7cc3fd4fc91bf9d751c0/,https://www.agro-weld.pl/maszyny/wanna-do-p%C5%82ukania/697c7cc3fd4fc91bf9d751c0/,https://www.agro-weld.pl/maszyny/oczyszczanie/wanna-do-plukania/
produkt-ID,https://www.agro-weld.pl/maszyny/zasobnik-buforowy/67cdd9c4799068ebb64efdde/,https://www.agro-weld.pl/maszyny/zasobnik-buforowy/67cdd9c4799068ebb64efdde/,https://www.agro-weld.pl/maszyny/przyjecie-i-buforowanie/zasobnik-buforowy/
kategoria ?cat=,https://www.agro-weld.pl/maszyny/?cat=oczyszczanie,https://www.agro-weld.pl/maszyny/?cat=oczyszczanie,https://www.agro-weld.pl/maszyny/oczyszczanie/
kategoria ?cat=,https://www.agro-weld.pl/maszyny/?cat=pakowanie,https://www.agro-weld.pl/maszyny/?cat=pakowanie,https://www.agro-weld.pl/maszyny/pakowanie/
kategoria ?cat=,https://www.agro-weld.pl/maszyny/?cat=paletyzacja,https://www.agro-weld.pl/maszyny/?cat=paletyzacja,https://www.agro-weld.pl/maszyny/paletyzacja/
kategoria ?cat=,https://www.agro-weld.pl/maszyny/?cat=pielenie,https://www.agro-weld.pl/maszyny/?cat=pielenie,https://www.agro-weld.pl/maszyny/pielenie/
kategoria ?cat=,https://www.agro-weld.pl/maszyny/?cat=przenośniki taśmowe,https://www.agro-weld.pl/maszyny/?cat=przeno%C5%9Bniki+ta%C5%9Bmowe,https://www.agro-weld.pl/maszyny/przenosniki/
kategoria ?cat=,https://www.agro-weld.pl/maszyny/?cat=przyjęcie i buforowanie,https://www.agro-weld.pl/maszyny/?cat=przyj%C4%99cie+i+buforowanie,https://www.agro-weld.pl/maszyny/przyjecie-i-buforowanie/
kategoria ?cat=,https://www.agro-weld.pl/maszyny/?cat=rozładunek skrzyń,https://www.agro-weld.pl/maszyny/?cat=roz%C5%82adunek+skrzy%C5%84,https://www.agro-weld.pl/maszyny/rozladunek-skrzyn/
kategoria ?cat=,https://www.agro-weld.pl/maszyny/?cat=selekcja,https://www.agro-weld.pl/maszyny/?cat=selekcja,https://www.agro-weld.pl/maszyny/selekcja/
kategoria ?cat=,https://www.agro-weld.pl/maszyny/?cat=sortowanie,https://www.agro-weld.pl/maszyny/?cat=sortowanie,https://www.agro-weld.pl/maszyny/sortowanie/
kategoria ?cat=,https://www.agro-weld.pl/maszyny/?cat=ważenie,https://www.agro-weld.pl/maszyny/?cat=wa%C5%BCenie,https://www.agro-weld.pl/maszyny/wazenie-i-liczenie/
plik PDF,https://www.agro-weld.pl/images/Katalog Verbruggen 1 PL v5.pdf,https://www.agro-weld.pl/images/Katalog%20Verbruggen%201%20PL%20v5.pdf,https://www.agro-weld.pl/uploads/verbruggen-katalog-paletyzatorow.pdf
plik PDF,https://www.agro-weld.pl/images/AgroWeldKatalog2025.pdf,https://www.agro-weld.pl/images/AgroWeldKatalog2025.pdf,https://www.agro-weld.pl/uploads/agro-weld-katalog-2026.pdf
plik PDF,https://www.agro-weld.pl/images/AgroWeldKatalog2026.pdf,https://www.agro-weld.pl/images/AgroWeldKatalog2026.pdf,https://www.agro-weld.pl/uploads/agro-weld-katalog-2026.pdf
plik PDF,https://www.agro-weld.pl/images/AgroWeldENG.pdf,https://www.agro-weld.pl/images/AgroWeldENG.pdf,https://www.agro-weld.pl/do-pobrania/
realizacja,https://www.agro-weld.pl/realizacje/linia-do-sortowania-pakowania-oczyszczania,https://www.agro-weld.pl/realizacje/linia-do-sortowania-pakowania-oczyszczania,https://www.agro-weld.pl/realizacje/linia-do-pakowania-ziemniakow/
realizacja,https://www.agro-weld.pl/realizacje/sortownik-do-borowek,https://www.agro-weld.pl/realizacje/sortownik-do-borowek,https://www.agro-weld.pl/realizacje/linia-do-sortowania-borowki/
realizacja,https://www.agro-weld.pl/realizacje/przenosniki-tasmowe-z-tasma-modularna,https://www.agro-weld.pl/realizacje/przenosniki-tasmowe-z-tasma-modularna,https://www.agro-weld.pl/realizacje/przenosniki-tasmowe-z-tasma-modularna/
realizacja,https://www.agro-weld.pl/realizacje/stol-selekcyjny-inox,https://www.agro-weld.pl/realizacje/stol-selekcyjny-inox,https://www.agro-weld.pl/realizacje/stol-selekcyjny-inox/
realizacja,https://www.agro-weld.pl/realizacje/kosz-przyjeciowy-5m,https://www.agro-weld.pl/realizacje/kosz-przyjeciowy-5m,https://www.agro-weld.pl/realizacje/kosz-przyjeciowy-5m3/
realizacja,https://www.agro-weld.pl/realizacje/wagoworkownica,https://www.agro-weld.pl/realizacje/wagoworkownica,https://www.agro-weld.pl/realizacje/wagoworkownica/
realizacja,https://www.agro-weld.pl/realizacje/czyszczarka-z-szuflada,https://www.agro-weld.pl/realizacje/czyszczarka-z-szuflada,https://www.agro-weld.pl/realizacje/czyszczarka-szczotkowa-z-szuflada/
realizacja,https://www.agro-weld.pl/realizacje/kosz-przyjeciowy-separator,https://www.agro-weld.pl/realizacje/kosz-przyjeciowy-separator,https://www.agro-weld.pl/realizacje/kosz-przyjeciowy-z-separatorem/
realizacja,https://www.agro-weld.pl/realizacje/linia-do-cytrusow,https://www.agro-weld.pl/realizacje/linia-do-cytrusow,https://www.agro-weld.pl/realizacje/linia-do-cytrusow/
realizacja,https://www.agro-weld.pl/realizacje/linia-do-pakowania-warzyw,https://www.agro-weld.pl/realizacje/linia-do-pakowania-warzyw,https://www.agro-weld.pl/realizacje/linia-do-pakowania-warzyw/
realizacja,https://www.agro-weld.pl/realizacje/przenosniki-rolkowe,https://www.agro-weld.pl/realizacje/przenosniki-rolkowe,https://www.agro-weld.pl/realizacje/przenosniki-rolkowe/
realizacja,https://www.agro-weld.pl/realizacje/raszlownica,https://www.agro-weld.pl/realizacje/raszlownica,https://www.agro-weld.pl/realizacje/raszlownica-z-modulem-pakujacym/
realizacja,https://www.agro-weld.pl/realizacje/zasobnik-buforowy-kwasoodrporny,https://www.agro-weld.pl/realizacje/zasobnik-buforowy-kwasoodrporny,https://www.agro-weld.pl/realizacje/zasobnik-buforowy-kwasoodporny/
linia produkcyjna,https://www.agro-weld.pl/linie-produkcyjne/linia-do-oczyszczania-mycia-i-pakowania-warzyw,https://www.agro-weld.pl/linie-produkcyjne/linia-do-oczyszczania-mycia-i-pakowania-warzyw,https://www.agro-weld.pl/linie-produkcyjne/
linia produkcyjna,https://www.agro-weld.pl/linie-produkcyjne/linia-do-buforowania-i-recznej-selekcji-cebuli,https://www.agro-weld.pl/linie-produkcyjne/linia-do-buforowania-i-recznej-selekcji-cebuli,https://www.agro-weld.pl/linie-produkcyjne/
linia produkcyjna,https://www.agro-weld.pl/linie-produkcyjne/linia-do-selekcji-i-recznego-pakowania-batatow,https://www.agro-weld.pl/linie-produkcyjne/linia-do-selekcji-i-recznego-pakowania-batatow,https://www.agro-weld.pl/linie-produkcyjne/
linia produkcyjna,https://www.agro-weld.pl/linie-produkcyjne/propozycja-linii-do-czyszczenia-i-pakowania,https://www.agro-weld.pl/linie-produkcyjne/propozycja-linii-do-czyszczenia-i-pakowania,https://www.agro-weld.pl/linie-produkcyjne/
linia produkcyjna,https://www.agro-weld.pl/linie-produkcyjne/propozycja-linii-do-kalibracji-i-wazenia,https://www.agro-weld.pl/linie-produkcyjne/propozycja-linii-do-kalibracji-i-wazenia,https://www.agro-weld.pl/linie-produkcyjne/
linia produkcyjna,https://www.agro-weld.pl/linie-produkcyjne/propozycja-linii-do-kalibrowania-i-pakowania,https://www.agro-weld.pl/linie-produkcyjne/propozycja-linii-do-kalibrowania-i-pakowania,https://www.agro-weld.pl/linie-produkcyjne/
linia produkcyjna,https://www.agro-weld.pl/linie-produkcyjne/zaawansowana-linia-do-liczenia-i-pakowania-cytrusow-inox,https://www.agro-weld.pl/linie-produkcyjne/zaawansowana-linia-do-liczenia-i-pakowania-cytrusow-inox,https://www.agro-weld.pl/realizacje/linia-do-cytrusow/
strona,https://www.agro-weld.pl/kontakt,https://www.agro-weld.pl/kontakt,https://www.agro-weld.pl/kontakt/
strona,https://www.agro-weld.pl/o-firmie,https://www.agro-weld.pl/o-firmie,https://www.agro-weld.pl/o-firmie/
strona,https://www.agro-weld.pl/katalog,https://www.agro-weld.pl/katalog,https://www.agro-weld.pl/do-pobrania/
strona,https://www.agro-weld.pl/finansowanie,https://www.agro-weld.pl/finansowanie,https://www.agro-weld.pl/kontakt/
strona,https://www.agro-weld.pl/en,https://www.agro-weld.pl/en,https://www.agro-weld.pl/
strona,https://www.agro-weld.pl/linie-produkcyjne,https://www.agro-weld.pl/linie-produkcyjne,https://www.agro-weld.pl/linie-produkcyjne/
strona,https://www.agro-weld.pl/polityka-prywatnosci,https://www.agro-weld.pl/polityka-prywatnosci,https://www.agro-weld.pl/polityka-prywatnosci/
strona,https://www.agro-weld.pl/realizacje,https://www.agro-weld.pl/realizacje,https://www.agro-weld.pl/realizacje/
bez zmian (tylko normalizacja),https://www.agro-weld.pl/maszyny,https://www.agro-weld.pl/maszyny,https://www.agro-weld.pl/maszyny/
